gene,pval
isogroup55502,-0.452672187093273
isogroup247296,2.19603013239924
isogroup266930,-1.42581676919676
isogroup50595,0.709974050740907
isogroup93068,18.3890209862937
isogroup164781,4.15778144369654
isogroup203937,2.54810659466667
isogroup114108,0.414277267404377
isogroup231351,4.72470278080498
isogroup41057,-0.920879837989371
isogroup57152,1.37303887639147
isogroup114263,5.76820592451732
isogroup170384,1.36574484518427
isogroup176059,1.83748736054465
isogroup115114,0.805049859802635
isogroup116628,1.35936382469185
isogroup162098,6.74048162819567
isogroup164631,-1.19231620706338
isogroup116891,-1.61399978438333
isogroup239074,0.00804660541937112
isogroup268555,0.614746143105531
isogroup190297,5.18389389510873
isogroup268163,-0.33914862889002
isogroup268809,0.397147773302777
isogroup269697,0.800922480632332
isogroup115965,0.720468561024029
isogroup212335,1.18151978356999
isogroup40947,1.89670361510844
isogroup114030,-0.499218041586587
isogroup114162,-2.38113713515729
isogroup161346,2.01333442263634
isogroup242521,0.572017886431258
isogroup48285,1.60067130392564
isogroup49386,0.0876044695712428
isogroup116634,0.980445107422269
isogroup214740,0.939238749388131
isogroup242679,0.0702469491925203
isogroup270031,-0.00371057181584691
isogroup49927,0.158638645968387
isogroup55301,-1.1866679381435
isogroup57838,-0.770113187587708
isogroup114344,0.519210646191152
isogroup115697,-2.72853049094734
isogroup156056,1.55850412964617
isogroup160987,0.45909626286082
isogroup163071,7.0406221873754
isogroup206780,-1.95993601976996
isogroup264921,1.2931518979439
isogroup269253,0.033449670556158
isogroup65335,0.466471525827487
isogroup191308,-1.19243194203418
isogroup264975,-5.45858886318197
isogroup269682,1.49934499259499
isogroup53109,0.690462773535378
isogroup115920,1.13193511291362
isogroup196025,0.0379318917652191
isogroup205334,-1.65811196578581
isogroup114139,-0.359570111397159
isogroup153279,1.25750244635726
isogroup156109,-0.457441554898235
isogroup159975,-0.174192095158737
isogroup186111,0.894597196332073
isogroup237681,1.02098150779398
isogroup39937,0.677392178501479
isogroup113842,-0.0184960368944934
isogroup119742,0.25997616797273
isogroup153423,-0.920580834615364
isogroup209251,3.16668697902199
isogroup262304,-0.791886688397666
isogroup267812,1.28489770862074
isogroup42776,-0.518834809091098
isogroup55782,0.548557597562194
isogroup56563,0.1773339733299
isogroup183393,-0.0218715884981303
isogroup215282,0.835823226173326
isogroup232652,0.259307541623381
isogroup265213,-0.554767580349988
isogroup46383,0.406745293142702
isogroup55653,2.05684629008723
isogroup113570,0.802112868724141
isogroup114370,-2.04830978949259
isogroup117463,1.20123618529573
isogroup158661,2.15887586959331
isogroup184416,-0.355773590558306
isogroup209139,2.61934034284576
isogroup239599,-2.02540949521853
isogroup269916,-0.331071320389901
isogroup40814,1.09991007750063
isogroup46145,0.371502100744275
isogroup46393,4.62244874666736
isogroup115844,0.445894919360327
isogroup153498,-0.138137571163528
isogroup157222,-1.49378850800081
isogroup265866,-0.388289209383969
isogroup266668,0.337241738316435
isogroup268505,0.303910994604647
isogroup268798,0.6682427504912
isogroup269149,-0.853118596780669
isogroup39266,-1.23239823996142
isogroup42299,-0.328575509697641
isogroup57911,0.185411648719714
isogroup114445,3.05257038855492
isogroup116570,-0.489928045783629
isogroup124807,0.629461707843057
isogroup159329,-2.59737873201629
isogroup162393,0.123308448645763
isogroup162968,0.650960986065062
isogroup212867,-1.1587787711564
isogroup267817,1.56867326882317
isogroup269457,-0.195485988932887
isogroup46049,0.0295094479905427
isogroup46296,-0.160917049424732
isogroup58340,1.70051455134289
isogroup84299,-0.27256962502942
isogroup116837,1.96988796641264
isogroup164731,-0.892573195813601
isogroup200096,-2.56350023382586
isogroup221194,0.178007315678179
isogroup267704,0.0577020699875187
isogroup270151,0.344215266532001
isogroup40770,0.140413200300889
isogroup44172,0.150249513181429
isogroup45632,-1.0032606974578
isogroup46202,-0.959317617667959
isogroup49660,1.16617309694263
isogroup164340,0.0271123151738552
isogroup202201,-0.795798240136184
isogroup267433,2.50214878303705
isogroup269581,3.37592066307498
isogroup39733,-1.2913072056313
isogroup53998,-1.08681361186525
isogroup67475,-2.72610687186959
isogroup116501,0.14708340756342
isogroup187713,0.129207689075044
isogroup208691,1.17783483762442
isogroup56273,0.0154095773368197
isogroup113551,0.488728325693825
isogroup115924,-0.876481117087472
isogroup154018,-0.312830868004456
isogroup158109,-0.114214279100224
isogroup197067,-0.731772190114012
isogroup241444,0.71266791315292
isogroup265203,0.0342454270294983
isogroup266811,0.256553095262953
isogroup267324,-3.35911559566036
isogroup38937,0.635779266003683
isogroup39589,0.340971944749887
isogroup86474,-1.420045044229
isogroup114075,-0.308212237378339
isogroup115389,0.084785889350118
isogroup116930,0.369824010361167
isogroup183334,5.0031471070508
isogroup202397,-0.0709797252424179
isogroup273046,0.0996054963287417
isogroup273180,5.84596917900205
isogroup43943,2.01333623572197
isogroup46305,-1.31012213182239
isogroup113847,0.534041240525849
isogroup116667,-2.07890505186376
isogroup178075,0.201444507055996
isogroup216813,-0.00887045134822966
isogroup45660,-2.80216033592008
isogroup49494,-4.38943667345215
isogroup113558,-0.0102748660840559
isogroup113813,1.65296443132629
isogroup115912,2.94615692775296
isogroup164398,2.87678896863683
isogroup265335,-1.2343296057908
isogroup44231,0.271413593445318
isogroup114514,0.0893204405224707
isogroup117389,-0.914582859165124
isogroup204834,-0.898804005633981
isogroup212304,1.06166231303912
isogroup223305,0.769276156437061
isogroup226268,-1.17410118027995
isogroup264455,-0.674132389268539
isogroup267090,-0.274811023049163
isogroup116791,-0.108635986687765
isogroup117339,0.938379394662966
isogroup117484,-0.533388467284268
isogroup156544,1.81819912769419
isogroup158995,-0.424029493486532
isogroup188676,-1.68568760703579
isogroup258584,0.660358318339098
isogroup270763,0.512647616511327
isogroup43791,2.2024285213417
isogroup46939,1.48959044073551
isogroup54813,0.762661631106547
isogroup172400,2.11672130062077
isogroup191363,-0.304697165377049
isogroup191657,0.121741199004427
isogroup228022,-1.55087288298713
isogroup266889,-0.461380017832346
isogroup266979,-1.82961374426583
isogroup268520,1.90044544347372
isogroup268684,-0.368392753691428
isogroup52982,2.02254244210543
isogroup156821,2.69684592842731
isogroup163836,0.134084482703357
isogroup168059,-1.04201360088864
isogroup180128,3.09820912030974
isogroup187780,0.503780400991696
isogroup189921,-0.635881159953191
isogroup213808,1.52384390468005
isogroup246290,0.596011671431628
isogroup265180,0.305581428381887
isogroup39365,-1.86065648251864
isogroup41666,-5.03478091336099
isogroup45812,-1.29458547985183
isogroup45866,-0.617513768792216
isogroup46518,-1.6955307935232
isogroup47550,-1.42812597902112
isogroup115926,1.06951940033689
isogroup116604,-0.046883917023264
isogroup202133,-0.52007742499609
isogroup266279,-3.04927817051092
isogroup40142,0.361465837743212
isogroup43901,0.711073734009965
isogroup44471,-0.269377593141079
isogroup113637,0.0325039046779427
isogroup114095,0.137847921357347
isogroup164049,2.49418061081127
isogroup190094,2.28649156014504
isogroup228956,-2.36973223745965
isogroup231741,-0.0749797865742467
isogroup247565,-0.0880942360444409
isogroup266842,-0.372189225576581
isogroup268800,1.03131654436337
isogroup269274,0.41597516840657
isogroup40555,-0.648070607858599
isogroup52726,0.669784108617014
isogroup113523,-1.23930938810635
isogroup117168,-0.980396968980795
isogroup117327,0.536121561110719
isogroup156264,1.58950034032659
isogroup170355,0.142294644020189
isogroup193652,-1.01828757075695
isogroup270089,-2.77024549347032
isogroup182618,0.775307548783232
isogroup265151,1.10480997928306
isogroup266289,-0.943213740298427
isogroup39214,0.707474139211636
isogroup42654,0.0459644436668521
isogroup49332,0.205443353364666
isogroup57919,-1.85450592479375
isogroup114035,-0.375206181284815
isogroup114616,-1.75593272397801
isogroup163137,1.36132226109878
isogroup182117,-1.23356367600678
isogroup185567,2.22711141063723
isogroup268116,-1.48190719430539
isogroup270439,1.05912106388197
isogroup40509,1.64455943021496
isogroup116471,-0.378556289311809
isogroup159600,0.460526087931926
isogroup200205,-1.59555492962322
isogroup258534,0.197439717400731
isogroup42996,-0.856652148940108
isogroup47008,0.850311799177404
isogroup55480,0.175052137467919
isogroup113951,-2.72729178656963
isogroup197433,0.481766681069139
isogroup265232,0.0216698825379706
isogroup271428,-0.945489140996149
isogroup46148,0.537660663442259
isogroup158799,-0.275938994999938
isogroup203948,-0.0449472324336163
isogroup214144,0.143170377389668
isogroup220071,-2.0444191233941
isogroup222117,0.522246666326694
isogroup266923,-1.13901365490331
isogroup268333,-1.97354616782805
isogroup83979,-0.810019189463415
isogroup115809,-0.59182264502233
isogroup117806,-0.585816586147517
isogroup159906,1.04879741101248
isogroup159953,2.96194262019366
isogroup181326,-2.92222890441249
isogroup183816,5.33529479255986
isogroup207845,-0.468299807389965
isogroup271020,0.708492707469888
isogroup114747,0.151601197475129
isogroup195865,-1.47091393115745
isogroup267497,-3.05027973954697
isogroup39612,-0.43429053314734
isogroup46409,0.290243374937141
isogroup48282,1.40942694462214
isogroup55478,-0.768164900378156
isogroup159112,-0.419149062144425
isogroup258868,-0.388031516724687
isogroup264766,0.27721701755961
isogroup266165,-3.36682126935661
isogroup266897,-4.10943842374818
isogroup267287,-0.240916612579809
isogroup39180,-0.203357560309531
isogroup44306,0.681526429300992
isogroup115279,2.50623324638525
isogroup115369,0.0122085948829335
isogroup115420,-2.22720115032531
isogroup265261,-1.91544585643416
isogroup265637,2.29865656339493
isogroup40160,-1.87356728026344
isogroup116496,1.7173321800101
isogroup116951,0.694367948958769
isogroup182645,4.36896008514811
isogroup265594,-1.51330495390971
isogroup267868,2.12325135626408
isogroup114581,-0.00819145267976529
isogroup117445,-1.1070023896962
isogroup152454,-5.50827236984821
isogroup186446,0.830691957918153
isogroup204396,0.91643242872285
isogroup265737,-0.0774669524168472
isogroup270734,-0.235661475398608
isogroup40006,0.932168851831751
isogroup45211,-2.3707014606507
isogroup114480,1.83823986371561
isogroup117214,1.23735561519617
isogroup41001,1.40601591518248
isogroup45865,0.63671132566035
isogroup49877,3.47320627762349
isogroup114037,-6.67925314292046
isogroup115735,1.04078306917901
isogroup164764,0.35306925393392
isogroup175975,0.00295523749903358
isogroup196897,0.931751984492848
isogroup235402,0.939915150996857
isogroup242968,0.201164691180325
isogroup265513,0.306839059099103
isogroup268255,0.67757787821282
isogroup113527,-0.239119189880229
isogroup187380,-0.17886592867126
isogroup213866,1.61291926803827
isogroup271001,-0.355568753463951
isogroup40460,0.701319063268631
isogroup57881,1.41763082431891
isogroup79329,-0.499128104437871
isogroup209698,-0.40305533542869
isogroup267626,-0.133689387093283
isogroup268889,-1.55727571879488
isogroup269329,-0.215310762535943
isogroup42960,3.11959520224517
isogroup117250,-2.46626664702523
isogroup158212,0.0095791327766836
isogroup224141,0.754808533085263
isogroup226902,-0.990755058273943
isogroup248762,-0.243499854605589
isogroup265144,0.00571127336879505
isogroup266723,1.17042003770687
isogroup40438,-1.12954480626328
isogroup46370,-0.329147631502365
isogroup114350,0.0437584672326456
isogroup114533,-1.69125611781984
isogroup115873,-0.595350430643083
isogroup117046,1.06074746843449
isogroup117242,1.04062638996728
isogroup191406,1.50589855542109
isogroup201833,0.972041493777921
isogroup203149,0.366098792568836
isogroup205876,2.92817799573977
isogroup38933,0.418440467809201
isogroup41018,-0.28378669286668
isogroup46024,-0.937145963433938
isogroup54333,-0.74508174447056
isogroup114071,4.6407430321335
isogroup114202,-0.0789902223405346
isogroup117108,-1.19008039836481
isogroup163272,0.200638306654784
isogroup197467,-2.70469302815855
isogroup265313,1.91651939903795
isogroup195012,-0.970284539221642
isogroup114316,-2.14238424640868
isogroup114572,1.53796110716312
isogroup175850,0.663442328816948
isogroup115871,3.45845976506334
isogroup115966,0.682976149798368
isogroup117189,-1.02292657364992
isogroup237313,-0.840460918137105
isogroup268414,0.0164413035398798
isogroup115209,2.78194901040109
isogroup117462,2.27757733228426
isogroup117485,0.654683958489903
isogroup266415,0.20468826825231
isogroup268419,0.382121852253859
isogroup44597,-5.85041106452945
isogroup44664,0.861036836718298
isogroup46395,1.10207616480566
isogroup50665,2.74270953918543
isogroup54335,0.500669764177199
isogroup94942,0.792429246684879
isogroup116409,0.300802165295913
isogroup176036,-1.62502515301392
isogroup264360,1.46127457899975
isogroup39135,0.451529717442752
isogroup45904,-2.51998951669523
isogroup49614,-2.57888606352662
isogroup87803,0.515820065254965
isogroup117286,0.560839235822309
isogroup118757,2.67288746645109
isogroup162552,-2.30677154640756
isogroup196508,4.35585147325559
isogroup210520,0.605053736540282
isogroup40761,0.505707545998844
isogroup45337,0.0649576431542788
isogroup52195,0.25745651564431
isogroup115816,0.216952104593079
isogroup189977,0.895752163156629
isogroup198547,-0.29841757639101
isogroup242017,-2.13988275493537
isogroup266641,-5.38500664736859
isogroup43388,0.264995150860006
isogroup49161,1.16756360549352
isogroup183063,1.10744629203456
isogroup196007,-0.063078411482162
isogroup204906,4.19458016686387
isogroup226876,-0.00255282026003127
isogroup265523,1.07078231110242
isogroup44015,-0.842263503835683
isogroup114173,0.371894337319213
isogroup201819,1.50204394515105
isogroup204653,-1.93259249863278
isogroup217747,-2.79024577920215
isogroup269314,0.525723990814113
isogroup41258,0.218632993001553
isogroup47341,-1.16902389532908
isogroup114568,2.12461336002158
isogroup115491,2.50223186754691
isogroup115880,-0.520852627332663
isogroup117929,-0.632828051762969
isogroup172892,-1.94919206008192
isogroup196252,-0.541937147474454
isogroup215182,-0.0791667697547929
isogroup215941,-0.50479058785782
isogroup219066,-1.56798541057032
isogroup244505,0.777464538282081
isogroup265535,-0.295848249588223
isogroup117083,-0.568284349113927
isogroup188124,1.15908839378208
isogroup196146,0.720520841868313
isogroup238120,-2.7158055758415
isogroup262103,0.102554253869551
isogroup43625,-0.785965776355525
isogroup115138,-2.28178231298396
isogroup117337,0.528024265998741
isogroup152731,0.506265801684586
isogroup265544,1.35981756144304
isogroup266660,-0.718230888631849
isogroup39737,0.128626125093411
isogroup40785,-0.399965323909728
isogroup56766,0.0210208082678767
isogroup123628,6.70566387183742
isogroup159213,0.0891537340160691
isogroup179995,1.73207373623996
isogroup200985,2.10501670729787
isogroup211358,0.57507575565207
isogroup46458,-0.533612856799432
isogroup56462,1.04052325235399
isogroup58590,4.78397832324272
isogroup82353,0.774422740799434
isogroup116948,1.81843592688169
isogroup163984,0.00172751986348346
isogroup178340,-1.8962733786791
isogroup178444,-1.24207254144019
isogroup247410,-2.30463551698432
isogroup266342,2.8067584075291
isogroup266888,0.731616217574366
isogroup45871,0.852550693907485
isogroup115872,-3.40293774339283
isogroup190644,-2.84179619053692
isogroup195870,2.91795213179072
isogroup267081,3.83689799834657
isogroup267954,3.24387768534538
isogroup40742,0.255192731616725
isogroup114087,1.47856334289701
isogroup118576,-3.68294947511124
isogroup162038,0.285129207762454
isogroup204610,-0.590049457382007
isogroup208841,-0.74139792784504
isogroup266360,1.1285657006938
isogroup267032,0.569318748312175
isogroup49176,-1.30637464427756
isogroup196638,-1.12400990154413
isogroup196817,4.07895128312887
isogroup267995,6.39341303293273
isogroup39012,0.265429996779298
isogroup56657,7.74752652522794e-06
isogroup114128,-0.137559101857978
isogroup116721,0.187371602247496
isogroup118581,0.208780725723367
isogroup153645,-0.959488370889466
isogroup162976,1.38432968734421
isogroup197780,-2.00097060568544
isogroup227401,-1.63364276720936
isogroup252586,1.17626384557293
isogroup263846,-0.272953128467958
isogroup43596,0.680002908735155
isogroup43748,-0.110438820607147
isogroup88520,0.638190094947852
isogroup116095,-0.0387311063648267
isogroup212440,-1.95484983081006
isogroup219034,-0.588842728221229
isogroup227984,-2.74250253391549
isogroup237071,0.0455631633920616
isogroup44069,-0.210907808248206
isogroup154253,1.10866580436893
isogroup216760,-0.757822470461551
isogroup218029,0.139450807324498
isogroup265075,0.344789310102259
isogroup55236,0.0642984002423864
isogroup114106,1.16289855571423
isogroup180828,-0.868469886344681
isogroup188689,-0.992441936818905
isogroup53261,0.642719052348684
isogroup116404,-2.03657959178484
isogroup116848,-0.902192480822425
isogroup170962,-0.166992840513768
isogroup164844,-0.0811067666512789
isogroup211571,-1.61487573032581
isogroup222053,-1.41091549522012
isogroup226959,0.223695167266558
isogroup210882,-0.420875503184578
isogroup227048,-0.125933886815051
isogroup227649,1.14534558496486
isogroup265613,-0.0848627045803937
isogroup266633,0.727280620011903
isogroup267152,-3.56915034377511
isogroup44550,1.88901634176
isogroup81059,0.327693349274498
isogroup114552,1.07341829981485
isogroup160790,-0.00320151518812606
isogroup224071,-0.529774062962413
isogroup266238,1.2856056194538
isogroup39201,12.6456216812279
isogroup163034,-0.134021301764345
isogroup191173,0.838618471211195
isogroup204732,2.54679664072579
isogroup208564,-1.0748505846982
isogroup220037,1.17154394621321
isogroup264248,-0.650690302227507
isogroup264750,0.519632358500943
isogroup267191,0.295309720069924
isogroup43172,-1.01784832753558
isogroup58063,0.910280811459786
isogroup87320,0.357220334686332
isogroup161799,2.25278405838223
isogroup191304,-1.20084402407594
isogroup220025,1.19310464434028
isogroup228164,0.169623984557047
isogroup266250,0.922652326538569
isogroup45517,-0.888037820621768
isogroup54926,0.868743886431386
isogroup115971,-0.0993748364771244
isogroup186609,-0.599927926836589
isogroup215757,-0.27795434127555
isogroup226975,-0.864281867267274
isogroup54673,0.862278554687684
isogroup161055,1.43758451399661
isogroup175449,-0.293000164292843
isogroup39258,-1.57759602038359
isogroup40106,0.343555623509343
isogroup45319,1.58700956288904
isogroup46083,0.158020666035096
isogroup153880,-0.345187696484408
isogroup200475,0.254637090950434
isogroup217081,1.07702382706278
isogroup116065,-1.72921141346855
isogroup116240,0.947366184879318
isogroup196082,3.4555176783038
isogroup264813,-0.0513222954871731
isogroup265215,0.497940150056239
isogroup46099,-2.75373552417819
isogroup117382,-0.975650867012985
isogroup169888,-5.98902666198882
isogroup208361,0.305211005896263
isogroup218953,0.957949977936036
isogroup264595,0.475229422442461
isogroup48997,0.653865960821875
isogroup115759,1.00302201652928
isogroup117213,0.4769830656075
isogroup118525,9.94545832672158
isogroup265311,0.550923325477427
isogroup267652,0.548325650248635
isogroup268435,-0.81436835076237
isogroup40161,0.0620330983567547
isogroup44134,0.107471234128939
isogroup45471,-5.24407871528293
isogroup46582,1.93951741564124
isogroup53861,-0.174539236498225
isogroup56655,-0.104480468866042
isogroup58878,2.00729262371553
isogroup116178,-0.953176695173907
isogroup124756,0.120944714396741
isogroup222536,1.25863823684797
isogroup264643,-0.266913197894246
isogroup267578,-1.76640732710201
isogroup114359,2.63942431224093
isogroup212954,-1.71446235805348
isogroup243497,-0.0997039807200569
isogroup249843,2.65828950438603
isogroup252193,-1.35078905470411
isogroup42919,5.21359217565653
isogroup114428,-0.806972689178822
isogroup248535,1.92534599926157
isogroup264383,5.21786746638098
isogroup264670,-0.185888913419574
isogroup268178,-1.36707608886326
isogroup41137,-1.06416529091293
isogroup57309,0.499033796466516
isogroup114421,2.92955614400347
isogroup114760,-1.0337842185491
isogroup249818,-3.68946513370088
isogroup266431,0.325376639977754
isogroup39995,-2.04492234877097
isogroup46185,-0.157999879223286
isogroup84881,-0.127727885034854
isogroup117061,-0.692305968807293
isogroup185190,-0.00522718467364853
isogroup207391,-2.49509251262226
isogroup39947,-5.27404141310847
isogroup55927,-0.139238854776668
isogroup116437,0.12804024647265
isogroup117422,-0.184233008972985
isogroup267406,0.0248176580100708
isogroup267499,1.71969243405287
isogroup35890,0.620400215119399
isogroup53243,-0.509065212494859
isogroup116858,1.08392167863767
isogroup202678,3.12235704265124
isogroup265971,0.582579752744096
isogroup44653,-1.92452909737025
isogroup114047,0.902572879623279
isogroup176853,0.359138591322109
isogroup188532,0.309598629884904
isogroup189870,-0.485844226435576
isogroup266358,-1.00812778271172
isogroup42536,0.615338499300953
isogroup113655,0.00123301262436797
isogroup229233,0.507774769653314
isogroup232230,-0.572903760338392
isogroup268132,0.673313502791335
isogroup39163,-2.29332372676863
isogroup55059,4.0133100495735
isogroup116630,2.04855193462573
isogroup156879,-0.251896578577894
isogroup175338,-0.402249114789724
isogroup189506,0.656241619282566
isogroup267627,-0.530435300997867
isogroup41254,1.01656095862167
isogroup116508,-0.849259986034476
isogroup175200,1.80637735968993
isogroup266377,3.55861794683296
isogroup266577,-0.112719854991967
isogroup44840,4.43042491619706
isogroup125302,-0.286734979102023
isogroup157763,-1.58816102097151
isogroup161515,0.506031091147203
isogroup178998,-0.411568087179694
isogroup224358,-0.318948500591482
isogroup266090,-0.601427829187471
isogroup289447,-0.787652246771421
isogroup40420,0.0831867982816965
isogroup47167,-0.443915091481358
isogroup54379,1.49837419492184
isogroup115645,-0.0910769076711469
isogroup191078,0.20926775585851
isogroup208265,-0.370268505478119
isogroup211067,-1.15254855267404
isogroup223546,0.424283528383128
isogroup225160,0.590622976409808
isogroup189723,-0.76388132142474
isogroup221254,0.330119833778304
isogroup232771,-2.10249171539602
isogroup43423,1.66896481644029
isogroup47842,-5.04873661238302
isogroup49780,-1.67709246476558
isogroup165090,2.47859097368305
isogroup175643,-1.17746426040666
isogroup232731,0.0151834453284679
isogroup39800,2.19783681843785
isogroup115712,0.207778129246268
isogroup164233,0.477093981985621
isogroup189815,0.824351882503887
isogroup236521,-1.97684103430576
isogroup266181,-0.411606748641031
isogroup268447,-0.751951083370819
isogroup39576,5.81602977124724
isogroup40336,-1.11738486220587
isogroup40748,0.389641068582315
isogroup51629,-0.533413283120847
isogroup115848,2.38256479274437
isogroup188069,0.564388739710922
isogroup114203,0.590364616678243
isogroup214756,-0.310412042899566
isogroup215629,1.42450636403988
isogroup39635,0.468756022186961
isogroup46104,0.729794146074912
isogroup46256,0.165705848644407
isogroup116642,-0.261967571408294
isogroup188500,-0.300616203338393
isogroup190899,-0.521069120020056
isogroup265672,-0.132752935484069
isogroup46444,0.42563818283625
isogroup153558,1.64716825990717
isogroup39888,0.169586455407369
isogroup40359,0.296126184420126
isogroup46025,0.292800597932362
isogroup161725,-2.20003162083794
isogroup193361,-1.64373742004879
isogroup214285,0.0619894453895759
isogroup223752,-3.53838846113841
isogroup228561,-0.917369255910375
isogroup264635,0.809358909699667
isogroup53474,0.138631440565098
isogroup157004,1.06682012958315
isogroup214209,1.01332041911627
isogroup216619,-0.219204253354601
isogroup225047,1.22591017594564
isogroup264578,-0.284296491772759
isogroup266828,-0.322819740859962
isogroup270056,-0.582074059862531
isogroup266883,-2.26010135266811
isogroup269588,0.78824465913011
isogroup39355,0.0333973104952659
isogroup42738,-0.888074949160281
isogroup55305,0.00243558751056036
isogroup117055,-0.418578762714251
isogroup178134,2.0173289126265
isogroup231063,0.0161905635170692
isogroup154737,0.799164965295733
isogroup189252,-0.514484451892076
isogroup194392,1.13105609975454
isogroup205493,0.693881379195286
isogroup211062,-0.513357774224081
isogroup266942,-3.28586592352005
isogroup44839,1.55755248784876
isogroup54839,0.0920945645897873
isogroup117270,-0.826148097216408
isogroup155492,-2.34001807919804
isogroup161917,1.67303028683805
isogroup166664,3.23043176861021
isogroup215670,-0.130127631078984
isogroup42869,1.04842225223705
isogroup117179,3.45044321051878
isogroup161518,-0.46026900384247
isogroup184663,2.43531909874176
isogroup44980,2.99998514142463
isogroup54793,-0.381688744020664
isogroup220556,-0.945722953703955
isogroup265516,0.606145253185291
isogroup266024,-0.968735136556671
isogroup267332,0.385078508053525
isogroup268158,0.473347663031271
isogroup53359,-0.180978113257624
isogroup208692,-0.2557149690897
isogroup267600,1.07266355404348
isogroup175259,1.98642873051255
isogroup214314,-1.20291496020965
isogroup265295,0.241866100581853
isogroup266947,1.1217996346084
isogroup48185,1.25242285526862
isogroup163634,2.52879738014341
isogroup40464,-0.482499236770369
isogroup44552,-1.27406579386117
isogroup53929,-0.685830711003637
isogroup116652,2.82967362924796
isogroup201329,-0.626938006425037
isogroup152617,-0.186157594868827
isogroup160783,0.0211805144756745
isogroup214930,-0.291223228022434
isogroup267414,0.695011684899251
isogroup40847,-0.933060962283879
isogroup196950,-0.0588749722522533
isogroup244006,1.94782164479261
isogroup267927,0.174893879632844
isogroup39533,-0.180948791540836
isogroup161711,0.813306728121812
isogroup200221,0.300676160498571
isogroup267058,-0.642625469187309
isogroup49203,-0.032225135727987
isogroup114026,-0.479019436775745
isogroup154130,-0.386890078947701
isogroup177877,-0.898501756335271
isogroup192600,-1.56497241487062
isogroup208792,-0.1395371947651
isogroup220593,2.81247032380851
isogroup232794,-0.2583381474604
isogroup264835,-1.52424332970058
isogroup265534,0.228980100049362
isogroup55661,-1.8110367335403
isogroup115951,2.64842030586704
isogroup116327,-2.18979191711313
isogroup204248,-0.125741975085839
isogroup231885,-0.567708092258388
isogroup237660,0.355526269185033
isogroup265330,-1.47218429446993
isogroup41236,-0.270420421486062
isogroup157438,1.47121162981078
isogroup189318,-0.222028543062227
isogroup223189,-1.1795785677399
isogroup264559,-0.549449960614586
isogroup266593,-0.223123152735855
isogroup117508,2.15163134216701
isogroup244854,0.19181108938786
isogroup39509,-1.82267021158719
isogroup190919,3.06693501088904
isogroup265865,-0.425174261340222
isogroup57882,-0.315400433885325
isogroup265499,0.173813393918228
isogroup268794,0.323867204476842
isogroup39216,-0.24158708085007
isogroup41115,-1.18426495128414
isogroup176056,0.0298920306408657
isogroup203655,2.12349639752101
isogroup213208,3.15227596559534
isogroup267144,-0.660905832274032
isogroup178174,-1.3073364540213
isogroup57518,3.36449039771108
isogroup265223,-0.0687192684769564
isogroup45639,-1.12175187998939
isogroup197090,-0.0502946659138898
isogroup220791,2.40322398564401
isogroup223351,-0.822694639989337
isogroup226004,-2.93536576142507
isogroup267952,0.0119183673510945
isogroup39303,0.491895464517063
isogroup166341,4.94181298099069
isogroup39007,-0.438940087442671
isogroup39848,-1.76410591947647
isogroup187784,-0.584267498013546
isogroup190078,0.438832303735819
isogroup268900,0.113098044365525
isogroup116913,1.14308019184298
isogroup219385,0.630274939472953
isogroup266217,-0.159173767762696
isogroup266961,0.0288733343948023
isogroup241267,0.980289577093223
isogroup265072,0.0299798100883862
isogroup265142,-0.464040241573237
isogroup42314,0.112523136043239
isogroup44391,2.13945998440091
isogroup113855,0.333603574986235
isogroup193516,-1.46245788715787
isogroup268301,-0.143616875517185
isogroup269918,-3.15247038548634
isogroup41165,-0.0592109096782889
isogroup167949,-0.894058627289815
isogroup182267,-4.57555764714286
isogroup185401,0.649234107789442
isogroup267845,-0.357037185696118
isogroup162932,-1.02508753286093
isogroup216192,-3.99435645594999
isogroup267151,-1.28880399712445
isogroup42313,-0.151861225036049
isogroup155953,-0.44809524567114
isogroup188451,-0.154039851509256
isogroup212607,0.608339302557408
isogroup266450,1.261570420301
isogroup115635,0.0774925676313462
isogroup172880,1.27624909658613
isogroup264490,-0.197491677588983
isogroup39729,0.101044595235669
isogroup119887,-1.38771357830517
isogroup266687,0.859048141443914
isogroup56903,0.488857100107374
isogroup154041,-0.495317658805031
isogroup267719,0.396308609860532
isogroup267926,0.146317587061779
isogroup115380,-0.8495838000814
isogroup213657,-1.24751893947403
isogroup40630,-0.568439381255246
isogroup253114,-2.17197981299793
isogroup264513,-0.722826635662412
isogroup44332,-0.231949774079571
isogroup114780,-0.0115933890392077
isogroup163702,0.736821678772079
isogroup265364,0.504549138823616
isogroup116935,-1.54626424018215
isogroup117472,0.0935272637711275
isogroup169116,0.433377930476174
isogroup223112,0.22501036361688
isogroup266230,-0.184286493995212
isogroup40580,1.05121562549721
isogroup57318,-0.107897741202097
isogroup58865,0.388973564335395
isogroup117193,-2.71800593989454
isogroup176460,-0.0957338080725798
isogroup187763,-1.05894024062491
isogroup188140,-0.358712099360905
isogroup204237,-2.15121540686596
isogroup204282,0.51902307194152
isogroup226110,-0.757356371818123
isogroup41648,-0.555458819516076
isogroup45655,-0.683837305799419
isogroup58065,-0.101187133672376
isogroup116583,0.216069886819537
isogroup117190,0.383788005037527
isogroup195652,-0.63601435393082
isogroup231541,8.5734240414623
isogroup265593,3.11754389462086
isogroup39565,0.360934620183009
isogroup46564,-0.0986462936227612
isogroup115910,-0.470307303767818
isogroup210837,-1.29033928931482
isogroup228479,1.30500965061649
isogroup269116,1.40727460256463
isogroup52118,0.54557450690536
isogroup117002,0.258847473885019
isogroup153858,-1.15373084326308
isogroup170964,-0.710449756502268
isogroup198099,3.82427945314954
isogroup264764,0.776471195956711
isogroup45689,0.0835877605571053
isogroup115617,2.89217759948675
isogroup117505,1.99296347832974
isogroup152378,0.386492879056695
isogroup162344,-3.62575949900688
isogroup40878,-0.137656451517074
isogroup116443,-0.597648947851961
isogroup167408,-0.0478687353047341
isogroup191391,2.78106021177036
isogroup196992,-0.293577862979847
isogroup264197,0.574050089032901
isogroup264712,0.0115292727316898
isogroup266658,-0.133345338350587
isogroup161697,0.51158000142293
isogroup265683,-0.330181919803447
isogroup268391,-1.41789491015941
isogroup39861,-1.85579219945231
isogroup117178,-0.997226023731401
isogroup180405,1.91593729762035
isogroup190288,0.30969075215185
isogroup194231,-6.36099746251506
isogroup220366,2.77368686325569
isogroup41485,-0.0310218838207409
isogroup264815,0.536271701247039
isogroup42622,-2.62221793946192
isogroup43929,-1.08676878628071
isogroup55222,3.17722785144257
isogroup124754,-3.08667576087906
isogroup265431,-0.457182519306178
isogroup265902,0.420280665635392
isogroup270231,1.41044790155898
isogroup55531,0.116950195649337
isogroup215501,-1.35493580777659
isogroup215882,0.000905804409282519
isogroup232529,0.0290744439289061
isogroup156282,-0.790912472207153
isogroup194487,1.82021069465599
isogroup159143,-1.02518884013012
isogroup262633,-2.5134764781233
isogroup265069,2.28151137581977
isogroup39862,-0.335781037470337
isogroup43026,0.793533251041655
isogroup115740,1.11866147565375
isogroup160351,2.57432796225276
isogroup208612,0.363811912391871
isogroup252024,2.36555828009099
isogroup264399,0.979030579136615
isogroup266263,0.650247908095141
isogroup187928,0.824929212635658
isogroup209321,-1.87717351741739
isogroup261298,0.232610976432117
isogroup267016,-0.569740473469585
isogroup266902,1.38906394619343
isogroup39109,-0.169045085302405
isogroup224528,0.448785742303415
isogroup264562,0.0114591594124379
isogroup265409,-0.348287950429641
isogroup264556,0.0463770880465138
isogroup39624,-0.146490041457361
isogroup39948,0.123906996962877
isogroup114191,0.702802252097924
isogroup116956,0.347403453919826
isogroup159563,-1.13581281979893
isogroup189081,-0.451695581637937
isogroup264683,0.391668179918653
isogroup54944,0.181132494257852
isogroup216509,-2.79290513800387
isogroup267875,-1.46899383776623
isogroup115660,3.71357632001536
isogroup218066,-0.298883252554351
isogroup226247,0.477628912377013
isogroup44278,0.183291368139946
isogroup177404,0.501371688547183
isogroup45281,-0.228735727478744
isogroup45952,1.87420749460536
isogroup113860,0.544220215451145
isogroup153965,1.55236944800088
isogroup175859,0.460970656061209
isogroup182607,-1.51872142817487
isogroup268607,1.7195228556242
isogroup40954,0.0344331261988282
isogroup177340,-1.73716278742265
isogroup191932,-2.30012899718331
isogroup230203,-0.118825971939135
isogroup264207,0.740444995346087
isogroup40470,-2.18648386286224
isogroup174989,-1.85067592411408
isogroup265762,0.111137470313078
isogroup45040,-0.707262494618753
isogroup229067,0.50938041973785
isogroup117135,-0.0907183056898968
isogroup210769,-0.327769177131649
isogroup229748,4.19339154668844
isogroup265081,0.348998253053995
isogroup49481,4.24638806913262
isogroup116372,-1.44407380273908
isogroup225288,-1.60500307051331
isogroup54970,4.1553176344772
isogroup55740,3.27655557013084
isogroup115963,0.694565967152858
isogroup198033,1.16344085778725
isogroup116455,0.83249954827201
isogroup117320,2.72316269710111
isogroup217877,1.81327744838878
isogroup266896,8.83002730967172
isogroup203255,-0.390071263641727
isogroup220783,0.269519591250007
isogroup264932,-0.960603161199015
isogroup268242,-2.67521842416667
isogroup265515,-1.24060313393565
isogroup42881,-0.0404195404933712
isogroup115714,-1.13456002824302
isogroup199504,0.493244372450474
isogroup260699,-1.90810910464845
isogroup38931,-0.524726066537357
isogroup38940,-0.184286313221668
isogroup41064,-1.06434949228933
isogroup174284,1.28082614810699
isogroup174903,0.792225339639699
isogroup266814,3.26484105042578
isogroup265868,-0.419954620457852
isogroup116385,4.24347230537864
isogroup265733,-0.833991737668889
isogroup43525,3.6051290372086
isogroup197094,0.403246876830502
isogroup215017,0.175349530090321
isogroup264758,1.48638822362944
isogroup46003,1.10976000591366
isogroup49422,0.64802150962941
isogroup111711,0.739837362078564
isogroup116401,4.92514758530797
isogroup117321,-0.128127298325731
isogroup199794,0.984611470273338
isogroup266340,-0.0501190946310115
isogroup43999,-0.548449326930342
isogroup53158,-1.3399221256228
isogroup115804,0.459965972747498
isogroup191607,-0.596945085657394
isogroup39491,0.366746601479704
isogroup174647,0.596146471663066
isogroup195635,-1.641661420543
isogroup265114,-0.0764213913155463
isogroup265781,-1.42680369745922
isogroup43315,-0.489528877655765
isogroup198154,0.481434547526855
isogroup117063,-0.828247023939902
isogroup162408,0.225188608243871
isogroup212154,0.256736089805147
isogroup215871,-4.24614617959389
isogroup65646,-1.68442173503663
isogroup153176,-0.400315776126445
isogroup196103,-3.09762816746729
isogroup225671,-1.03134318520483
isogroup226339,-1.45950659177386
isogroup264914,0.383142404559348
isogroup265368,-0.64472082097478
isogroup39103,1.40605231863124
isogroup177597,-4.25082068010271
isogroup217742,0.412736712736574
isogroup43073,0.772443314504338
isogroup115059,-0.140147191227039
isogroup42849,0.0628620747393283
isogroup119291,0.857088997916714
isogroup266576,-0.112327993613552
isogroup162988,-0.219387035879695
isogroup243998,-2.51711760961238
isogroup265198,-0.112263052694857
isogroup117539,0.150944945018083
isogroup158387,3.98446821468647
isogroup243247,-0.0265208355789205
isogroup55916,0.599402010298556
isogroup114450,0.165502762115015
isogroup264240,0.480999392413517
isogroup265698,-3.3836218503933
isogroup40905,0.30568153375569
isogroup40107,0.628993555952837
isogroup114299,1.18767852729332
isogroup114544,1.08758366130813
isogroup115985,1.05065177539896
isogroup189317,-2.10768495842441
isogroup266386,-0.650791659683042
isogroup39211,1.9876501138079
isogroup209594,-1.21562295511091
isogroup230506,3.93557745475649
isogroup179900,-0.0202576365279975
isogroup265168,-0.0400052167211411
isogroup265294,-0.791559375195486
isogroup195961,-0.648319291569375
isogroup265113,0.151226949539532
isogroup266992,-3.52588243084103
isogroup38905,0.0926645856779147
isogroup116016,2.7444512959054
isogroup116030,0.588811653916816
isogroup264768,-0.204358082642443
isogroup55355,-0.313071659267676
isogroup116093,-1.15239265576589
isogroup223226,-3.47377369326562
isogroup41753,0.184986944141266
isogroup51810,-0.0423859342051455
isogroup189716,0.908526564670522
isogroup235957,-0.536637340650157
isogroup265636,-0.11819715182742
isogroup40014,-1.81359078203897
isogroup184303,-1.35220900655771
isogroup201439,-0.031101009976776
isogroup264320,2.75348096828924
isogroup219830,-0.119522744857931
isogroup115773,-0.67482963855951
isogroup266091,7.49716523762307
isogroup267158,-0.178345076183716
isogroup43874,-1.07827053910449
isogroup117482,0.69364282765145
isogroup175561,2.51619331065756
isogroup214145,-0.531861494689687
isogroup38856,1.96841439720509
isogroup264538,-0.423973946755661
isogroup54105,3.57074679498586
isogroup193859,4.55340720527399
isogroup213502,1.25303110368551
isogroup221319,-1.54604601759522
isogroup265507,3.50935516427491
isogroup53985,0.742556932977805
isogroup116334,-1.74764212127602
isogroup199616,-1.46534664803146
isogroup232362,-3.46084781625869
isogroup96921,2.57402407975466
isogroup115811,-0.507590343191866
isogroup153495,-1.03511809787684
isogroup188360,2.22215951548421
isogroup218429,0.256409450366815
isogroup77633,1.78170576137442
isogroup114055,-1.41652008147651
isogroup163253,0.103465028108595
isogroup182932,-1.31353296980171
isogroup219898,-8.38020785387674
isogroup223766,-0.011819818294191
isogroup264912,0.733704366714324
isogroup42435,-0.032405828163614
isogroup264329,-0.0312535228698173
isogroup264607,3.63703510346276
isogroup269447,-0.996187949063409
isogroup39327,-0.192523602334258
isogroup214632,-0.0701424615072693
isogroup44502,-0.3036834041003
isogroup45834,1.42659886585773
isogroup115923,0.427498892144251
isogroup199510,0.832436058652329
isogroup231275,-1.32140343251129
isogroup264570,1.32759182346801
isogroup265525,-0.994590130208369
isogroup117354,1.29529294527821
isogroup265405,-0.473112728300941
isogroup39121,0.920083852790588
isogroup53899,-0.288578108146796
isogroup54704,-0.432661854494226
isogroup116039,-2.10857895020695
isogroup117054,0.129716218029512
isogroup264656,-0.0535485157011387
isogroup116876,2.05098210166917
isogroup162101,-0.259678218611065
isogroup200931,1.53715730743086
isogroup248516,-0.172394748046908
isogroup114414,0.240926063484287
isogroup180671,0.63848208854062
isogroup39930,0.264997052255288
isogroup117253,-2.72926778816083
isogroup156838,0.726103010804055
isogroup177775,1.40331898317687
isogroup254606,0.613861827845693
isogroup264534,-1.09096932427689
isogroup177124,0.472911440124312
isogroup203700,-0.00539026816837245
isogroup264059,-0.40201729125633
isogroup115642,0.365619081501606
isogroup116013,1.0570832073081
isogroup116035,-3.29825986951162
isogroup116222,-0.814273595210546
isogroup175867,-0.127264781377769
isogroup39374,0.422923160718738
isogroup117266,2.44253611632109
isogroup157411,-1.69355106875328
isogroup211700,1.63435151064833
isogroup265646,-0.398606739359346
isogroup265195,-1.68214514696039
isogroup39008,-0.412526577308939
isogroup45441,1.14570885929006
isogroup119909,1.3924661375372
isogroup117017,0.259875285699932
isogroup219483,0.0784699639720759
isogroup262793,-2.20724177947116
isogroup265682,-0.219242020813637
isogroup117154,-0.345200960632096
isogroup190410,0.117417532463302
isogroup39712,4.45690628007347
isogroup41119,0.338907964465024
isogroup42551,0.372393643073034
isogroup156176,0.0430778497711292
isogroup267712,-1.00024205814834
isogroup230146,-0.604856328091153
isogroup264863,-0.503216493075917
isogroup115240,-0.235619495414512
isogroup179469,2.76658492733799
isogroup232490,-6.94474179889683
isogroup265331,0.881082819367986
isogroup117044,0.238892315379374
isogroup269882,0.359357747720041
isogroup264347,-0.942574077062187
isogroup267405,1.76193870461527
isogroup39506,-0.152976750762634
isogroup39543,1.43775040714123
isogroup250972,-1.74726656762232
isogroup182207,0.468664763303215
isogroup236015,-0.581034626812849
isogroup264331,1.14852743665978
isogroup266200,0.12800541785115
isogroup266275,1.15652341731316
isogroup42200,-0.710103597922318
isogroup86840,1.12406985383942
isogroup115667,0.682238256279367
isogroup247798,0.888708922267979
isogroup179897,0.96180816304091
isogroup47344,-0.719221726044089
isogroup194063,-1.52865496423846
isogroup210054,-1.56504417890631
isogroup267138,0.165688881589596
isogroup39601,-9.84570295382222
isogroup188385,0.263860343091406
isogroup39925,-0.663948392857727
isogroup53603,-1.66948832789311
isogroup58360,1.83454760091793
isogroup202331,-0.106531314183851
isogroup246490,1.53063486524605
isogroup263919,-1.02850277346754
isogroup117235,2.75280350221392
isogroup39794,-0.987959599518512
isogroup188192,-0.781434936766424
isogroup250231,0.35405308691783
isogroup232755,1.83164805598639
isogroup215506,0.726808759633917
isogroup230827,0.0876303657952855
isogroup44046,-0.479019001388342
isogroup44272,-2.73154251567027
isogroup242203,1.85637012330991
isogroup113911,0.368043978926343
isogroup264923,-1.63420485799175
isogroup39934,0.665926987122225
isogroup264852,-0.696743612287485
isogroup186920,0.0618249273688012
isogroup247211,1.84755456341787
isogroup264860,0.525583363691112
isogroup265315,1.83824886657691
isogroup116107,-3.39497900251875
isogroup207064,-3.42415556443143
isogroup266249,-0.74945967106453
isogroup43897,-0.668856406166718
isogroup265801,1.21390748536304
isogroup60229,0.699222593402262
isogroup39108,3.82083914655688
isogroup39552,-0.767104899617576
isogroup39736,-0.460347515069693
isogroup116623,1.22566848004724
isogroup117000,-1.49963930401748
isogroup237101,0.537443138527427
isogroup215085,1.985730628355
isogroup265278,-5.34668339085459
isogroup58877,1.41565517756153
isogroup152369,-0.204122322820775
isogroup163538,2.87674647218523
isogroup177742,1.57960700117313
isogroup40480,2.07326500821878
isogroup116762,0.377374864993812
isogroup216221,0.193072888902164
isogroup42758,-3.60910105712376
isogroup115881,-0.42367672646758
isogroup42413,1.39530602244367
isogroup191551,-0.171672754268767
isogroup256863,0.274493467521832
isogroup264642,1.04720917068136
isogroup211833,-0.234897901612415
isogroup265120,7.29651298731047
isogroup265197,2.63341546668126
isogroup268172,-0.133949672212265
isogroup154202,0.982706625182863
isogroup200884,0.775797632755481
isogroup39051,1.03646792717818
isogroup117070,0.811723030278829
isogroup266130,0.898689572418918
isogroup47033,0.505451338356751
isogroup216397,0.48733272572777
isogroup265403,0.1688113994176
isogroup45131,0.219172401293498
isogroup172539,1.83084801410035
isogroup216378,0.225201609531598
isogroup265852,-0.275334236857595
isogroup47438,0.213537960291641
isogroup162619,1.55896118391128
isogroup249685,-0.364692858968193
isogroup265628,2.16999708470445
isogroup38932,5.15480737317029
isogroup264226,0.219432388340068
isogroup264634,-0.738511711222572
isogroup46362,-0.886853693779407
isogroup53871,0.139057423064539
isogroup116436,3.85235140305431
isogroup116464,-0.0191367422109041
isogroup117500,-0.703935787311752
isogroup115849,2.00204099834644
isogroup162436,1.1459012764103
isogroup178239,1.78918284630331
isogroup216055,-3.69980510992091
isogroup268729,-0.0600849421854389
isogroup232279,0.0679235663390435
isogroup117194,0.0333553925504495
isogroup41038,1.05662975273857
isogroup53518,-0.206954894787806
isogroup118051,1.67484120382855
isogroup265109,0.582837781746621
isogroup42956,-3.61067000287838
isogroup176518,-8.38652397022714
isogroup193891,0.242090266355274
isogroup264290,-0.271223100308828
isogroup266164,0.377623910806218
isogroup116037,0.406756347566934
isogroup114332,0.786318447174454
isogroup264224,-2.2282238568926
isogroup213471,-0.859243954602805
isogroup265922,-5.04230692843933
isogroup53447,-1.55675279850758
isogroup156582,-1.79173538798645
isogroup50770,0.0693157331977296
isogroup154100,-1.45036943452986
isogroup230658,0.451020625743289
isogroup117464,-1.39800516917694
isogroup117361,-1.06059037181346
isogroup194857,1.40845376096532
isogroup244021,-1.12991695745152
isogroup264501,-0.487301673946017
isogroup153540,1.08529744552455
isogroup174932,-1.20468070058167
isogroup272815,-0.0267609310843319
isogroup219611,-0.178902181808382
isogroup42241,-0.228465705356903
isogroup253215,0.0597391717445408
isogroup264306,-5.40585132016701
isogroup117370,-0.128344984579743
isogroup231769,0.109100964679018
isogroup264266,-1.77401597744232
isogroup264722,3.37324590590012
isogroup40030,0.0186779921990732
isogroup41447,3.96696879730721
isogroup57057,2.58557744522012
isogroup189963,-2.7855112183843
isogroup266853,-0.512255150352692
isogroup167835,0.0767192950554948
isogroup265414,-0.104908185354547
isogroup162379,-1.4206914650449
isogroup165688,0.60680468988032
isogroup188538,7.6786273742814
isogroup39143,0.0382951883489002
isogroup39220,0.304947666022369
isogroup115670,0.904829722881888
isogroup188098,-2.09795541845439
isogroup46937,1.80396663810981
isogroup264993,-1.18319801215408
isogroup266943,-0.0342714466941826
isogroup265981,-4.15798351314219
isogroup117234,1.02016423196159
isogroup39876,-1.02598221307618
isogroup191514,0.968531619241976
isogroup265065,2.38118928681613
isogroup46565,0.130485191931521
isogroup241518,1.17992709438045
isogroup264589,-1.79839016495113
isogroup265727,0.279991882075136
isogroup195357,-0.263758160613528
isogroup225771,-2.09019732678949
isogroup115649,-1.09867760002612
isogroup116301,0.435541325412294
isogroup153350,-1.28235324171144
isogroup254358,-3.73297987632956
isogroup39035,-0.623169726564287
isogroup178803,-0.528159847978294
isogroup210221,2.73889917101291
isogroup265272,1.19771574077526
isogroup43772,-1.05200925049545
isogroup45948,-1.77669915149862
isogroup44485,0.88257356615169
isogroup55436,0.869309185345451
isogroup213048,-0.49459448356834
isogroup213402,0.996298146178459
isogroup115997,-1.73655574026893
isogroup117024,0.662841176883328
isogroup197774,2.41147880770066
isogroup39595,-0.0389176421372493
isogroup161819,-3.66583530395096
isogroup201157,-2.73935107110565
isogroup215794,-4.41126178517628
isogroup264284,0.59562823648307
isogroup168271,1.87892983934738
isogroup230069,-0.316179349604626
isogroup116311,-1.08393165757243
isogroup40527,0.388480259238914
isogroup52933,-1.3472091864589
isogroup116293,0.412001718826088
isogroup117157,-1.86957012199391
isogroup194260,1.29879037420874
isogroup189185,6.03833219483426
isogroup114381,-0.47971232221691
isogroup116290,-0.287570867750902
isogroup264524,-0.22330025821145
isogroup116822,0.226479294709698
isogroup189519,0.194487578473388
isogroup194165,0.504758685627973
isogroup244446,-0.614874168297923
isogroup264175,3.77573239670958
isogroup265281,-0.776863998793986
isogroup220141,-0.183172364872709
isogroup228256,-4.85170544234693
isogroup264938,0.519366570278792
isogroup264946,0.656557976994348
isogroup116045,-2.37696577432112
isogroup263998,-0.844556188931885
isogroup268642,0.565852224205124
isogroup265548,2.93564778073656
isogroup39919,-1.18753136020538
isogroup116981,0.782101669656962
isogroup117429,-1.48620589461141
isogroup51495,-0.386184987156808
isogroup264159,-2.7258815957549
isogroup267285,0.832212530891555
isogroup115603,-1.19636942874058
isogroup224482,0.523763304130708
isogroup115671,0.135971662395352
isogroup42894,-1.0128788332872
isogroup115598,2.92053679329319
isogroup115908,-0.824335756898897
isogroup117132,-1.04080659644098
isogroup242349,0.882993505278631
isogroup264496,-1.01251115462669
isogroup265649,-3.01307938039144
isogroup42239,-0.222946216802678
isogroup189654,0.372966008401239
isogroup213548,-0.598443417306281
isogroup265943,-1.22792869824188
isogroup264295,2.02472263522091
isogroup157212,2.34046323288321
isogroup176073,3.49849466879539
isogroup201027,0.613467949010992
isogroup226229,-1.95455336042124
isogroup219032,2.25216680962352
isogroup57879,1.85386077096929
isogroup39894,-0.399385662777683
isogroup166048,-0.487358542519745
isogroup259032,-1.48840058503873
isogroup268579,1.49339925239898
isogroup214228,1.55342181749807
isogroup117511,-0.249500617654224
isogroup188905,-3.66458389060497
isogroup116088,-0.430622583533897
isogroup197831,2.00651781813579
isogroup174720,-0.485471266050919
isogroup258093,0.421278039436175
isogroup172750,-4.76676534765432
isogroup234213,0.899002457241473
isogroup264308,0.950880387928634
isogroup264337,-0.897336464677651
isogroup115800,0.847321505386888
isogroup117211,2.49904422233761
isogroup264906,3.34834718154688
isogroup44594,-3.11190149430039
isogroup54807,0.281111835427628
isogroup115814,0.295989942239123
isogroup159087,2.21298292271838
isogroup227225,-1.19066871111777
isogroup265031,-1.75522790688753
isogroup238608,-0.742587918930052
isogroup245674,-1.58635239907455
isogroup264829,0.653615961919216
isogroup117437,-5.68280970172357
isogroup264050,-0.154875372967813
isogroup176553,-0.387261129291569
isogroup183510,-1.87743427400149
isogroup225863,-0.950132552231735
isogroup39436,-1.06342446070086
isogroup117192,0.272057277466292
isogroup175228,-0.294340197902834
isogroup202539,-0.634276124634915
isogroup255639,-2.03184305005918
isogroup115584,-1.4991706998017
isogroup199618,0.3276950491678
isogroup208445,5.14372912318094
isogroup116131,-1.25043352904393
isogroup264687,-0.87858070766014
isogroup265234,0.0692959594815336
isogroup40725,0.341734773740695
isogroup264500,0.65172796662408
isogroup41616,0.0857162400143354
isogroup50944,2.8139462520089
isogroup232436,-0.300535093932324
isogroup244486,-4.35012348390937
isogroup115834,-1.62291935539969
isogroup163121,-0.843305717067296
isogroup264116,-0.798033965370463
isogroup54756,0.371704468334265
isogroup115623,0.058271817373519
isogroup246932,-0.189318375232101
isogroup115927,-0.615556411979253
isogroup117260,3.18949999699748
isogroup42378,0.473754620296183
isogroup46737,0.042018787008157
isogroup117436,-0.156965029061998
isogroup264250,0.335124259077396
isogroup243676,-1.55928550177473
isogroup264584,0.155581822767999
isogroup165692,0.0244105115986989
isogroup178269,-6.64035069497816
isogroup160587,-1.82256872201824
isogroup39107,-1.33527536872542
isogroup235117,0.132887980627942
isogroup197474,0.10810572251965
isogroup216294,-1.77787555289795
isogroup175733,0.1858964878172
isogroup190724,2.69585165093551
isogroup254412,1.18333586332159
isogroup264415,1.96524082706949
isogroup43009,-2.53696273583228
isogroup52934,-0.79294616918528
isogroup213311,0.308050620933736
isogroup117424,-0.780640964978815
isogroup222921,3.22698039662008
isogroup264775,0.870971683272731
isogroup264874,1.14887613305375
isogroup42933,0.341817463656301
isogroup45290,-5.94194767798037
isogroup264140,-0.692217605896642
isogroup39874,0.205770288935738
isogroup55625,-0.779335517039801
isogroup120690,-2.49380239016644
isogroup169125,0.950263348214383
isogroup161672,0.21873591422018
isogroup53418,0.0210062252964858
isogroup263994,-0.116536598642171
isogroup115746,-0.590067328553325
isogroup195077,1.95460668151746
isogroup227867,1.8146514147974
isogroup268504,-0.32556943605353
isogroup240703,0.792844004980555
isogroup46455,-1.00210360814974
isogroup57888,-2.17645542747426
isogroup264733,-2.60716430622668
isogroup264684,0.731648568214569
isogroup116361,-0.821602426435139
isogroup174571,-2.2984930229607
isogroup213347,0.826583867584336
isogroup202386,-4.30834662392439
isogroup238861,1.33025966061897
isogroup265378,-1.07638297062129
isogroup39653,-1.55550719242975
isogroup53550,-1.99907560430836
isogroup194356,-1.88702907414162
isogroup264890,-0.0218930922071184
isogroup83405,0.835119613780255
isogroup115631,2.67430233775383
isogroup261623,-4.37628556330243
isogroup215634,2.64234574082145
isogroup263987,-0.544438413626202
isogroup219046,-0.479109992446631
isogroup173220,-4.12856664296626
isogroup182707,1.01554132889033
isogroup39829,-3.02126461151192
isogroup114324,-0.632793323016262
isogroup223563,-0.269738323497154
isogroup265277,-4.08617736684292
isogroup194676,0.00259409180974876
isogroup243270,-3.90362259744548
isogroup265103,-0.179575591210547
isogroup115766,-0.115019395503756
isogroup264268,-2.24445885587631
isogroup56051,-3.96227872272379
isogroup266270,-2.33411415557656
isogroup256210,1.15248058214067
isogroup264666,-2.11817580036417
isogroup179350,0.411104626092774
isogroup45223,0.457066766141541
isogroup270632,0.347528304802179
isogroup232654,1.10763803102745
isogroup42604,-1.78185210038042
isogroup42922,0.537079612532179
isogroup235373,3.05703224078031
isogroup117295,-2.17317733670389
isogroup237336,-2.29426367752463
isogroup179675,0.3853919907264
isogroup47238,0.920666455346825
isogroup117470,1.25924111221121
isogroup45714,0.609232113918271
isogroup117094,-0.0207185487684013
isogroup41639,0.615888681875667
isogroup207225,0.100888813554489
isogroup46845,-3.48855571577191
isogroup175373,-1.61638399183553
isogroup116117,-0.391185169593463
isogroup264714,0.33357270646358
isogroup83468,1.24476710963469
isogroup116592,-1.27231514865626
isogroup232471,-1.28508480892319
isogroup194625,0.681676232476729
isogroup264060,0.851914088936801
isogroup214176,-0.0704700918627636
isogroup163861,1.3349982065812
isogroup48362,-1.32736704387261
isogroup188483,-0.0384199053918854
isogroup203086,-0.659183990787289
isogroup232809,0.787937529468513
isogroup165719,-4.03954700567783
isogroup214787,2.41138577061138
isogroup41617,0.198935968575702
isogroup218285,-0.315845350150385
isogroup264385,-0.452314435462604
isogroup176442,0.298371255708856
isogroup116063,-0.884555095087496
isogroup117507,-2.70303411229914
isogroup188716,-0.131476542688516
isogroup226554,-0.555537374702976
isogroup264192,8.80921865268933
isogroup43436,-0.257558988874642
isogroup169397,-1.52298347422039
isogroup156434,-0.123345519665225
isogroup163733,-0.438719987705874
isogroup42868,-0.685686957653619
isogroup42902,-0.747238025283701
isogroup264303,2.30608854725523
isogroup193980,0.322373229524735
isogroup194117,-1.29526284378895
isogroup208416,-5.45304990632867
isogroup216458,0.505664116717273
isogroup179685,-0.748093622242161
isogroup264391,1.2871408674976
isogroup41419,-1.24610697854831
isogroup116815,3.0237325510951
isogroup115648,-0.443007443423868
isogroup42888,0.585010813269224
isogroup42866,4.41869527800412
isogroup44087,-1.62729470510687
isogroup202479,-0.0176836441209312
isogroup115650,0.324590836287874
isogroup213450,0.362840193430435
isogroup264178,-1.51892013599242
isogroup198379,0.103945690437086
isogroup200360,3.3198203428155
isogroup257014,1.61571526332788
isogroup115613,-1.47972407034677
isogroup46469,-0.5017286518208
isogroup231058,0.289286212692825
isogroup264146,-0.012583389112019
isogroup172130,-0.357272785966596
isogroup179580,0.201562576397592
isogroup42211,-0.398328380521115
isogroup258935,-0.132110652260728
isogroup42233,0.274740201022069
isogroup180941,-2.15643691641446
isogroup41498,-0.535568747261815
isogroup264857,-0.0191462635237641
isogroup40998,-0.684725107739178
isogroup116194,-1.59179945957045
isogroup261670,5.32143775065703
isogroup116233,-0.301697972996101
isogroup115693,4.22651077384165
isogroup115785,0.151852433554865
isogroup257153,0.936281792676775
isogroup115886,-0.101461441292035
isogroup123908,1.30526028089732
isogroup168471,0.487436863103776
isogroup203143,0.0111805081721887
isogroup244770,1.04360185912894
isogroup212533,1.28940850607867
isogroup211542,0.0425772407548038
isogroup197347,1.42291470310935
isogroup115596,0.306786856325263
isogroup116312,-1.1516459951175
isogroup115862,0.725861362220318
isogroup229955,0.889105094852795
isogroup115803,-0.0691459386001565
isogroup222526,-0.967601548220377
isogroup45072,3.19000289467524
isogroup264625,1.16756491537271
isogroup40185,0.208047954571544
isogroup264105,0.519828027282981
isogroup116323,1.24484122645633
isogroup265354,-1.34627295377931
isogroup45696,1.11926973202325
isogroup254186,-0.299311376066887
isogroup174782,1.73246166051546
isogroup194397,-1.78302790975395
isogroup117087,0.111297180760509
isogroup202270,-0.529996394686043
isogroup241870,0.423554046021631
isogroup163788,1.48240218878413
isogroup115725,-0.158934306832099
isogroup182358,1.74829500592025
isogroup259493,-0.048190105410018
isogroup42461,-2.50601603465872
isogroup41594,5.38949952985291
isogroup264036,-0.408584795064071
isogroup256750,3.56409927878419
isogroup179736,0.752085569868655
isogroup215139,-5.19415000646381
isogroup116328,0.14516821829638
isogroup252300,-0.605449570247694
isogroup260441,-0.606758670595136
isogroup264374,0.0454024780045752
isogroup115651,0.220817728900964
isogroup176787,-3.41043840667719
isogroup200239,-6.76047792536461
isogroup252814,-1.49947137903984
isogroup264002,-1.98287073661629
isogroup264169,0.0365800624480681
isogroup167862,0.117616939207659
isogroup264318,-0.28494136028498
isogroup264560,-0.892790769892627
isogroup168750,-0.236549092873026
isogroup236975,-2.37482598472363
isogroup115815,-0.33520524864153
isogroup213293,0.97829872549352
isogroup232577,3.19094447706584
isogroup264158,-0.101626187421001
isogroup259391,6.43873348223699
isogroup264944,1.0777811259931
isogroup265264,1.20722838592504
isogroup264042,-6.3650502279863
isogroup116265,0.935196538707872
isogroup166621,0.0524238027845834
isogroup264128,-1.47154997973245
isogroup174573,-3.11217943056834
isogroup116241,-0.424595513045183
isogroup180554,-0.453259444453464
isogroup115704,0.121234449337442
isogroup264324,0.33028482529481
isogroup158298,-1.37589529784569
isogroup246218,1.6941268246852
isogroup166040,2.44833724349372
isogroup265818,-1.1167260237553
isogroup232376,-0.855409984481563
isogroup264068,-0.417331649419542
isogroup47346,-2.42925305849414
isogroup222437,-2.2500840409475
isogroup216058,-1.92269929117388
isogroup263907,-0.992616915072106
isogroup116149,0.529895529840547
isogroup173274,0.00696787391890514
isogroup239227,5.56306240583336
isogroup263947,-0.404450655363276
isogroup44516,-1.47945302383268
isogroup156670,0.238856620883534
isogroup113729,2.16251391784578
isogroup257219,1.33292922496827
isogroup185416,0.777677861311218
isogroup224738,4.05324347327021
isogroup178777,1.46610925015406
isogroup264114,-2.4929517523336
isogroup45070,-2.19653926675863
isogroup259170,-2.41685637507599
isogroup222269,1.47239282301749
isogroup194877,0.555533585232933
isogroup264247,1.90428832831562
isogroup115945,0.112432694661524
isogroup154626,1.22651345078791
isogroup179726,0.611510119113195
isogroup116273,-0.449040014270616
isogroup225708,-0.70494111991224
isogroup263983,0.175095483576015
isogroup179657,-1.48731927906613
isogroup172315,-1.00369227292197
isogroup212124,0.658776029297596
isogroup50112,1.41228539295131
isogroup115592,-0.103686595105287
isogroup189462,-0.330508605977596
isogroup208754,-1.09013851990922
isogroup264075,-0.473141746686608
isogroup43046,0.220945913628073
isogroup118189,0.203740216399955
isogroup264135,-6.33065602715206
isogroup42522,-5.69099863058312
isogroup43043,0.246994320487448
isogroup264179,0.932597355172994
isogroup253519,-0.038028367953019
isogroup115717,1.42763139413531
isogroup116329,-0.676815470020132
isogroup257490,0.279742941586795
isogroup195443,-0.12162053897182
isogroup263929,0.00757642070970772
isogroup228633,0.614715480217266
isogroup264792,-0.0236799808491161
isogroup245479,1.15322588671084
isogroup189181,0.111245695568287
isogroup264019,0.775606871970435
isogroup244498,-0.26167592429625
isogroup41738,-0.27758475790401
isogroup210225,2.38463587020664
isogroup115690,-5.00863494518699
isogroup116364,-2.58125674310628
isogroup168903,1.08728107786298
isogroup42617,-1.29616204576566
isogroup242971,0.892382366073539
isogroup45384,0.201216919766256
isogroup116230,-2.38649644875682
isogroup247001,-0.482351158197216
isogroup44688,-0.127961922672979
isogroup265500,-0.573792094783786
isogroup264139,2.31985244575539
isogroup229775,4.94825900506302
isogroup115760,-2.47400352983327
isogroup113925,0.128960559986749
isogroup203790,-5.87410860673399
isogroup45273,1.94981625963575
isogroup266877,-0.210012139154816
isogroup242095,0.276758781166793
isogroup200244,1.07926020596639
isogroup44804,-2.50821732485554
isogroup193273,0.395961250517183
isogroup43045,-0.760813569896318
isogroup115904,4.41104297643312
isogroup188418,-0.762878505509344
isogroup274766,-0.239854725333447
isogroup264472,-1.22851835690655
isogroup42879,-12.8955608239305
isogroup229761,-0.70562120471301
isogroup232692,-0.165726966700877
isogroup194767,1.63508283061469
isogroup202634,-4.12281084445984
isogroup223675,5.82167991622309
isogroup236177,-0.321892002271825
isogroup44082,-0.501725324458132
isogroup240250,-1.25111129642917
isogroup263937,2.60211293060233
isogroup281402,-1.27551552830979
isogroup116357,0.562705109033567
isogroup169005,8.00932945751727
isogroup174379,-1.60264277883861
isogroup55523,0.363373392523217
isogroup242141,-0.721521597340073
isogroup115964,0.80073189785434
isogroup271410,-0.0485009312565386
isogroup115618,-1.11777770058206
isogroup81504,-1.19178942087428
isogroup204322,0.641324622921814
isogroup200453,7.57886750857117
isogroup116271,-0.450309283886829
isogroup39524,-1.33483990158186
isogroup39520,-2.67290729368095
isogroup116238,-1.23838022605088
isogroup264074,-1.15473261154108
isogroup116252,2.46724721915587
isogroup41337,-2.78337209650845
isogroup192368,-0.28764763264416
isogroup179687,-2.40852485611517
isogroup172358,1.05417858993611
isogroup116133,0.351974417190696
isogroup246055,0.4381610137107
isogroup210937,3.27384246524088
isogroup234288,-2.89592064778615
isogroup41559,11.8721049694125
isogroup178512,-2.21866875990802
isogroup237991,0.0645132716933519
isogroup264058,0.00974759183965273
isogroup264807,-1.64738037123748
isogroup227554,-0.206571003670472
isogroup189273,0.796496040300584
isogroup229801,-1.49719119397919
isogroup39583,0.608660742960063
isogroup46782,2.13648234687474
isogroup116152,-1.3097645928692
isogroup252490,0.543845273344611
isogroup117397,-4.03770962310803
isogroup52154,-1.16900206917528
isogroup113246,-2.07697837022867
isogroup257228,3.9219841074843
isogroup264171,-4.30933679460748
isogroup238277,0.158052011604479
isogroup250584,2.36976810433828
isogroup188434,-1.63803898961876
isogroup43878,-3.15457849264017
isogroup116143,4.1545325322605
isogroup173815,2.27608748525977
isogroup44783,0.15334123443578
isogroup41360,-0.375049484283199
isogroup41540,1.2073575037827
isogroup115826,-0.362612367655463
isogroup172177,-0.317923651696508
isogroup117027,-1.11922267453099
isogroup263993,1.28327245960586
isogroup263292,-2.80893318693884
isogroup116245,-0.844055526094955
isogroup173600,0.623473895618634
isogroup264038,0.573805582516665
isogroup259912,-0.767234353218871
isogroup116154,-3.76284554374162
isogroup238336,-0.389846411740622
isogroup116158,4.26092163072024
isogroup223611,0.0264819305168173
isogroup240173,1.23941837303372
isogroup46323,-0.0123664793250788
isogroup166797,4.10069522712526
isogroup41512,-1.34230849933657
isogroup263903,2.37765975159484
isogroup264397,-4.63265366776577
isogroup195137,-0.767013504843008
isogroup264119,2.05231098263344
isogroup166459,-0.266412015533309
isogroup264769,3.22804617949122
isogroup263922,-0.077673782830674
isogroup264126,4.01388210937645
isogroup266201,-3.04062062858027
isogroup180629,0.456178959243074
isogroup237948,-2.01533605203546
isogroup114082,-1.31932816633314
isogroup116315,-6.01144886956297
isogroup41458,-1.25323335036608
isogroup41334,-3.87702965356474
isogroup47588,-0.662195311394082
isogroup240286,-1.03282996217907
isogroup116254,-1.10605859060993
isogroup243937,0.539961503019738
isogroup214922,-0.0745587911143635
isogroup266631,-0.811033318932
isogroup53777,-0.232943135800829
isogroup116306,1.43256091816257
isogroup49726,0.372043459775253
isogroup242359,-0.873148939738928
isogroup45268,-0.186764828654881
isogroup42231,-2.11642166017128
isogroup47840,-4.84796768179387
isogroup165590,0.119818108589493
isogroup214385,-5.53084885079317
isogroup258168,-0.510487084171526
isogroup241228,-1.00805630689617
isogroup206211,0.976681221727321
isogroup39441,-0.306580693164019
isogroup116139,2.1182804172976
isogroup232373,-2.78941529423808
isogroup252598,-4.14571149833859
isogroup115755,0.500554866496847
isogroup116078,0.133299528250076
isogroup258764,3.93541995935947
isogroup264187,-1.38943160580528
isogroup241475,-1.86147738063446
isogroup191732,13.4444773405454
isogroup263967,-0.790412881344746
isogroup222312,0.135634372185651
isogroup241085,0.837040642632889
isogroup217559,0.571784613815387
isogroup265041,0.135241536829292
isogroup116349,-0.535098282894462
isogroup265236,-3.95601230266799
isogroup220027,-0.580955978753358
isogroup264959,0.647953970450132
isogroup45617,-1.70137290684986
isogroup46881,0.133921837160645
isogroup203333,-3.38359189547079
isogroup260788,0.436636968396972
isogroup249353,-1.13894113153816
isogroup254731,-0.700920195504562
isogroup263870,0.817423421407
isogroup258103,1.02584471573404
isogroup115769,0.184518656462654
isogroup192233,0.528475999744347
isogroup41329,-4.53141174657329
isogroup263981,-0.336701022964879
isogroup242047,3.89185279577838
isogroup47151,-3.12918816780325
isogroup47422,-0.790902508977065
isogroup115946,-3.90958021887178
isogroup255115,-1.10842890423258
isogroup232452,2.43871310344723
isogroup172693,-1.09057205630771
isogroup264364,-0.203913694697799
isogroup264005,-0.922908211251893
isogroup172397,1.4185158750758
isogroup261607,0.800514348485501
isogroup244607,0.869445622971607
isogroup243449,1.28724458113651
isogroup222902,-2.73271889329122
isogroup262821,-0.350492263395861
isogroup238056,0.684472157118129
isogroup236760,3.24790178837827
isogroup207102,1.4378563143189
isogroup225221,-4.12388814811929
isogroup229476,-7.19429010297376
isogroup203250,-2.07475091766142
isogroup263906,-2.44158651614352
isogroup208558,0.4202931312659
isogroup165601,-2.69284441164352
isogroup263916,-0.272595709961863
isogroup47450,-0.0577610462337101
isogroup193417,-0.6678636576133
isogroup43590,0.54126114875542
isogroup42143,-1.20343715285387
isogroup255238,0.120557168395679
isogroup263900,-1.68258668483405
isogroup235410,1.8963328525585
isogroup250997,0.975044124358592
isogroup231465,0.709283421744684
isogroup249397,6.17126672585979
isogroup116165,-0.943514967254016
isogroup173198,-2.42231839199889
isogroup252103,0.73402183649568
isogroup42104,-0.217278378308007
isogroup55783,0.282533032712106
isogroup264276,-2.77905044756722
isogroup223122,0.837702928136512
isogroup263892,-4.44216296973276
isogroup264760,-3.77401683158571
isogroup46969,-0.50805091105316
isogroup257342,0.954548612434193
isogroup229497,-0.699909380018319
isogroup246953,-0.0877690887416358
isogroup246447,-0.418572411524568
isogroup236623,-1.25123996695369
isogroup230959,0.340246149229729
isogroup210553,-0.104343511040458
isogroup42047,-0.439624206773365
isogroup230463,0.132625913715485
isogroup232502,-4.87552756399478
isogroup237928,2.43535140989636
isogroup115847,-1.39990328754533
isogroup244779,-1.66467055589188
isogroup256823,0.872907284373576
isogroup206420,-0.770662370148306
isogroup212272,-4.44844168378381
isogroup230382,-0.360635102869735
isogroup240707,-2.07487711877286
isogroup219461,-0.302446005677122
isogroup49248,-5.22838818561109
isogroup40926,-0.429387407615074
isogroup253127,0.700521210932549
isogroup193957,-1.11624859742491
isogroup227943,-2.89601465236476
isogroup263851,0.179926515437814
isogroup257004,-3.68670607520317
isogroup116331,-0.204695174506597
isogroup237348,0.555516823080077
isogroup251129,1.18705559642245
isogroup264148,-0.0492030100489376
isogroup264015,1.02387977792403
isogroup267743,-0.256894781835827
isogroup255310,-4.87098669444971
isogroup252054,-0.0494064286494597
isogroup205016,-4.60961223298263
isogroup232423,-3.90883467580318
isogroup174036,-13.1299042184502
isogroup251579,1.71841734814775
isogroup241489,1.91023468038976
isogroup116109,-2.18434417737972
isogroup241134,-0.440503208882896
isogroup244001,-10.0607023708708
isogroup231234,-1.78208308262651
isogroup257902,-0.410918888193291
isogroup229743,-0.371751497442952
isogroup211940,-0.426723816358411
isogroup211837,0.746450245944491
isogroup172078,-2.79208543029495
isogroup214783,3.05301757579751
isogroup263939,-4.62647771269118
isogroup245778,0.520566797803984
isogroup244322,0.875281898392603
isogroup263928,-2.63531895497117
isogroup219744,-0.311647888196242
isogroup218921,2.50777476987534
isogroup238965,0.844113590993727
isogroup186875,0.699043376479367
isogroup198150,0.528588693736655
isogroup247291,1.03461872698623
isogroup246633,-2.47676963774236
isogroup258091,-0.670805452288206
isogroup261931,-2.48503415100065
isogroup264382,-2.55687318782793
isogroup236585,-1.05345345860644
isogroup261781,3.7786664548542
isogroup249987,-1.69805519147481
isogroup211461,-4.15301770029026
isogroup152622,0.179645846699459
isogroup235004,-0.201230863392369
isogroup221587,-0.0485262991566613
isogroup48852,-2.7402022965399
isogroup251358,0.158339999200398
isogroup246301,-0.227669703846733
isogroup260780,-1.15147378630195
isogroup232763,-0.13271094700831
isogroup251806,-0.4227380902519
isogroup240908,-6.55845755150942
isogroup223195,2.43692088782241
isogroup209505,-0.0451436059767711
isogroup239138,-1.04561595455903
isogroup236264,-0.303659984896821
isogroup258212,0.208949645671112
isogroup228551,-2.54416215225035
isogroup236804,-9.59692203426755
isogroup253470,-3.5705201274387
isogroup238293,-0.401491456265646
isogroup210813,-1.57341773331343
isogroup236209,-1.73362710620816
isogroup257471,2.77681985057408
isogroup230714,1.01448842463913
isogroup170076,1.19438172080926
isogroup116598,1.24553785407548
isogroup244010,-2.16290260729959
isogroup195216,-1.37770151712166
isogroup169901,0.83507057925105
isogroup251153,-3.51116682228391
isogroup242599,-0.0134496298659921
isogroup237873,0.777569384251743
isogroup209514,1.92266353533258
isogroup244316,0.446064818999603
isogroup251592,1.89640720544589
isogroup258038,1.5703524510232
isogroup242525,-0.487412080575832
isogroup250134,-1.38935238816102
isogroup259982,0.810584223295439
isogroup247249,-1.06055813795992
isogroup247495,-2.43275653107435
isogroup258960,-0.198091142157769
isogroup242896,-1.112006040297
isogroup193030,-0.167610547358862
isogroup232580,-4.14497800499886
isogroup259224,-1.10460817869998
isogroup246134,-6.18816610135845
isogroup259723,0.776799058464998
isogroup248047,-0.96559695888559
isogroup241732,1.0338411349182
isogroup226888,1.6475614576236
isogroup258977,4.12851232923966
isogroup237858,-1.2931305315955
isogroup230037,1.19338648716068
isogroup254774,1.21840644174994
isogroup262185,-8.8120887563185
isogroup219883,-2.71208900293553
isogroup248836,1.43339291439078
isogroup268498,0.390047526196549
isogroup262007,-4.12944621013637
isogroup246322,-5.1551571380365
isogroup230249,-0.358066364102498
isogroup257716,1.02106280426525
isogroup237709,-2.75530162479967
isogroup259100,3.01000983069738
isogroup255563,-0.170524146705066
isogroup228387,6.26038620351746
isogroup236251,1.88700325297994
isogroup260054,2.2383483247357
isogroup220555,0.711653344494428
isogroup254238,-0.663346951841674
isogroup255770,-2.46142010914211
isogroup258830,-1.913457973274
isogroup263720,0.0549092237857921
isogroup261289,-1.17138595700665
isogroup257392,-3.09518329947189
isogroup244626,-4.75589193910238
isogroup259629,-4.61511287885588
isogroup239067,-0.413947328159015
isogroup254254,-3.38834449764372
isogroup262621,-1.72994455077548
isogroup255296,-2.41706031645085
